Mass Number,E,Informed,Uninformed,JENDL-5
66,0,9.34E-04,3.87E-04,
67,0,6.00E-04,1.47E-04,
68,0,3.75E-04,-6.17E-05,
69,0,-2.22E-05,-2.65E-04,
70,0,-2.09E-04,-4.29E-04,
71,0,-4.48E-04,-5.70E-04,
72,0,-6.58E-04,-6.73E-04,
73,0,-6.72E-04,-7.16E-04,
74,0,-7.86E-04,-7.13E-04,
75,0,-7.11E-04,-6.12E-04,
76,0,-6.29E-04,-4.20E-04,
77,0,-3.08E-04,-1.17E-04,
78,0,6.30E-05,3.54E-04,
79,0,7.85E-04,0.00107,
80,0,0.00164,0.00197,
81,0,0.00307,0.00317,
82,0,0.00463,0.00487,
83,0,0.00714,0.00724,
84,0,0.00961,0.00981,
85,0,0.01423,0.01365,
86,0,0.01876,0.0182,
87,0,0.02539,0.02472,
88,0,0.03786,0.03676,
89,0,0.0484,0.04941,
90,0,0.0549,0.05843,
91,0,0.05739,0.06114,
92,0,0.05769,0.05965,
93,0,0.06228,0.06195,
94,0,0.06522,0.0638,
95,0,0.06444,0.06425,
96,0,0.06229,0.05659,
97,0,0.05817,0.05323,
98,0,0.05849,0.05693,
99,0,0.06173,0.06172,
100,0,0.06123,0.05816,
101,0,0.05221,0.05318,
102,0,0.04136,0.05014,
103,0,0.03006,0.04016,
104,0,0.02063,0.02295,
105,0,0.0122,0.01089,
106,0,0.00571,0.00522,
107,0,0.00306,0.00219,
108,0,0.00137,4.00E-04,
109,0,4.59E-04,-4.82E-04,
110,0,2.35E-04,-8.79E-04,
111,0,1.31E-04,-7.43E-04,
112,0,-1.75E-04,-4.64E-04,
113,0,-1.82E-04,-1.06E-04,
114,0,1.86E-04,2.19E-04,
115,0,2.58E-04,4.17E-04,
116,0,2.63E-04,4.62E-04,
117,0,5.31E-04,4.26E-04,
118,0,6.04E-04,2.33E-04,
119,0,5.25E-04,-2.74E-05,
120,0,6.45E-04,-3.53E-04,
121,0,6.25E-04,-7.17E-04,
122,0,3.80E-04,-9.76E-04,
123,0,3.64E-04,-0.00106,
124,0,1.53E-04,-9.40E-04,
125,0,5.08E-05,-5.90E-04,
126,0,1.45E-04,3.15E-04,
127,0,9.74E-04,0.00216,
128,0,0.00301,0.00479,
129,0,0.00768,0.00859,
130,0,0.01599,0.01517,
131,0,0.02717,0.0234,
132,0,0.04447,0.03411,
133,0,0.06373,0.05443,
134,0,0.07951,0.08394,
135,0,0.05764,0.06103,
136,0,0.05501,0.04787,
137,0,0.06046,0.06535,
138,0,0.06574,0.06589,
139,0,0.06205,0.06519,
140,0,0.06348,0.0643,
141,0,0.06534,0.06047,
142,0,0.06051,0.06073,
143,0,0.05893,0.06015,
144,0,0.05302,0.05232,
145,0,0.04103,0.03881,
146,0,0.03062,0.02694,
147,0,0.02138,0.01911,
148,0,0.01514,0.01406,
149,0,0.01129,0.00981,
150,0,0.0079,0.00698,
151,0,0.00481,0.00461,
152,0,0.00363,0.00283,
153,0,0.00168,0.00163,
154,0,6.66E-04,5.82E-04,
155,0,3.38E-04,-9.34E-05,
156,0,-2.36E-04,-5.69E-04,
157,0,-3.91E-04,-9.69E-04,
158,0,-5.12E-04,-0.00118,
159,0,-4.87E-04,-0.00132,
160,0,-4.08E-04,-0.00142,
161,0,-5.23E-04,-0.00142,
162,0,-3.05E-04,-0.00139,
163,0,-1.69E-04,-0.00134,
164,0,-2.80E-04,-0.00125,
165,0,-7.92E-05,-0.00111,
166,0,3.09E-05,-0.00102,
167,0,2.98E-05,-8.33E-04,
168,0,7.44E-05,-7.18E-04,
169,0,2.02E-04,-5.13E-04,
170,0,2.68E-04,-3.13E-04,
171,0,2.39E-04,-9.89E-05,
172,0,2.87E-04,7.93E-05,
66,2,0.00132,0.00211,
67,2,9.82E-04,0.00195,
68,2,7.41E-04,0.0018,
69,2,3.42E-04,0.00167,
70,2,1.58E-04,0.00156,
71,2,-9.93E-05,0.00149,
72,2,-3.00E-04,0.00145,
73,2,-3.08E-04,0.00145,
74,2,-4.19E-04,0.00152,
75,2,-3.13E-04,0.00166,
76,2,-2.03E-04,0.00191,
77,2,1.51E-04,0.00225,
78,2,5.79E-04,0.00277,
79,2,0.00135,0.00343,
80,2,0.00227,0.00442,
81,2,0.00378,0.00568,
82,2,0.00535,0.00735,
83,2,0.00806,0.00978,
84,2,0.01038,0.01248,
85,2,0.01497,0.01621,
86,2,0.01951,0.02097,
87,2,0.0261,0.02651,
88,2,0.03798,0.03541,
89,2,0.04824,0.04667,
90,2,0.05524,0.05523,
91,2,0.05617,0.05619,
92,2,0.05554,0.05701,
93,2,0.05967,0.06169,
94,2,0.06202,0.0645,
95,2,0.06393,0.06547,
96,2,0.06209,0.05939,
97,2,0.05666,0.0553,
98,2,0.05546,0.0596,
99,2,0.05886,0.06405,
100,2,0.05905,0.06126,
101,2,0.05005,0.05563,
102,2,0.0397,0.04364,
103,2,0.02988,0.02977,
104,2,0.0212,0.02087,
105,2,0.01282,0.014,
106,2,0.00741,0.0093,
107,2,0.00484,0.00653,
108,2,0.00311,0.00488,
109,2,0.00222,0.00395,
110,2,0.00196,0.00376,
111,2,0.00162,0.00389,
112,2,0.00127,0.00412,
113,2,0.00132,0.00442,
114,2,0.00168,0.00467,
115,2,0.00164,0.00473,
116,2,0.00179,0.00473,
117,2,0.00219,0.00469,
118,2,0.00221,0.00438,
119,2,0.00235,0.00406,
120,2,0.0026,0.00388,
121,2,0.00261,0.00352,
122,2,0.00265,0.00317,
123,2,0.00282,0.00313,
124,2,0.00264,0.00333,
125,2,0.00282,0.00377,
126,2,0.0034,0.00476,
127,2,0.00455,0.0068,
128,2,0.00676,0.00975,
129,2,0.01202,0.01411,
130,2,0.02158,0.02143,
131,2,0.03563,0.0303,
132,2,0.0541,0.043,
133,2,0.0689,0.06539,
134,2,0.07672,0.07619,
135,2,0.06121,0.06142,
136,2,0.06265,0.06027,
137,2,0.06683,0.06608,
138,2,0.06602,0.06586,
139,2,0.06022,0.06345,
140,2,0.06126,0.05885,
141,2,0.05915,0.05599,
142,2,0.05605,0.05757,
143,2,0.05621,0.0565,
144,2,0.04806,0.04871,
145,2,0.03682,0.03734,
146,2,0.02818,0.02739,
147,2,0.02026,0.02092,
148,2,0.0149,0.0161,
149,2,0.01124,0.01222,
150,2,0.00803,0.00958,
151,2,0.00521,0.00715,
152,2,0.00407,0.00564,
153,2,0.0022,0.00436,
154,2,0.00124,0.00336,
155,2,9.28E-04,0.00275,
156,2,3.54E-04,0.00222,
157,2,1.44E-04,0.00183,
158,2,4.36E-05,0.00162,
159,2,4.19E-05,0.00147,
160,2,3.79E-05,0.00133,
161,2,-3.36E-05,0.00133,
162,2,1.30E-04,0.00132,
163,2,2.09E-04,0.00135,
164,2,1.41E-04,0.00143,
165,2,2.67E-04,0.00152,
166,2,3.79E-04,0.0016,
167,2,3.90E-04,0.00174,
168,2,3.52E-04,0.00184,
169,2,5.39E-04,0.00201,
170,2,5.83E-04,0.00217,
171,2,4.75E-04,0.00236,
172,2,6.18E-04,0.0025,
66,4,0.00152,0.00207,
67,4,0.00118,0.00197,
68,4,9.28E-04,0.00187,
69,4,5.37E-04,0.00179,
70,4,3.57E-04,0.00174,
71,4,8.24E-05,0.00171,
72,4,-1.01E-04,0.00172,
73,4,-1.04E-04,0.00177,
74,4,-2.12E-04,0.00188,
75,4,-7.71E-05,0.00206,
76,4,5.66E-05,0.00235,
77,4,4.35E-04,0.00274,
78,4,9.14E-04,0.0033,
79,4,0.00172,0.00397,
80,4,0.0027,0.00499,
81,4,0.00427,0.00631,
82,4,0.00588,0.00807,
83,4,0.00868,0.01053,
84,4,0.01097,0.01336,
85,4,0.01548,0.01708,
86,4,0.01997,0.02196,
87,4,0.02661,0.02743,
88,4,0.03769,0.03546,
89,4,0.04738,0.04436,
90,4,0.05482,0.05032,
91,4,0.05485,0.05277,
92,4,0.05327,0.05532,
93,4,0.057,0.05973,
94,4,0.0587,0.06187,
95,4,0.06212,0.0626,
96,4,0.06129,0.05844,
97,4,0.05553,0.05437,
98,4,0.05349,0.05927,
99,4,0.05655,0.06389,
100,4,0.05663,0.06163,
101,4,0.04752,0.05345,
102,4,0.03753,0.03968,
103,4,0.02919,0.02985,
104,4,0.02147,0.0218,
105,4,0.01359,0.01546,
106,4,0.00908,0.01123,
107,4,0.00655,0.00882,
108,4,0.00484,0.00731,
109,4,0.00397,0.00619,
110,4,0.0036,0.00635,
111,4,0.00301,0.00647,
112,4,0.00266,0.00656,
113,4,0.00278,0.00675,
114,4,0.00297,0.00692,
115,4,0.0029,0.00688,
116,4,0.00323,0.00684,
117,4,0.00361,0.00677,
118,4,0.00365,0.00647,
119,4,0.00404,0.00624,
120,4,0.00427,0.00611,
121,4,0.00446,0.0057,
122,4,0.00473,0.00544,
123,4,0.00489,0.00554,
124,4,0.00505,0.00574,
125,4,0.00559,0.00614,
126,4,0.00629,0.00725,
127,4,0.00751,0.00944,
128,4,0.01016,0.01241,
129,4,0.01626,0.01723,
130,4,0.0262,0.02487,
131,4,0.04178,0.03425,
132,4,0.05954,0.04857,
133,4,0.07068,0.06855,
134,4,0.07347,0.06557,
135,4,0.06425,0.06171,
136,4,0.06587,0.06053,
137,4,0.06743,0.06513,
138,4,0.06289,0.06572,
139,4,0.05787,0.06039,
140,4,0.05844,0.05578,
141,4,0.05471,0.05397,
142,4,0.05457,0.05464,
143,4,0.05314,0.05248,
144,4,0.04378,0.04503,
145,4,0.03369,0.03515,
146,4,0.02628,0.02647,
147,4,0.01931,0.02075,
148,4,0.01449,0.01609,
149,4,0.01099,0.01259,
150,4,0.00797,0.00997,
151,4,0.00535,0.00771,
152,4,0.00427,0.00632,
153,4,0.00246,0.00503,
154,4,0.00157,0.00414,
155,4,0.00127,0.00353,
156,4,6.76E-04,0.00302,
157,4,4.48E-04,0.00265,
158,4,3.63E-04,0.00244,
159,4,3.24E-04,0.00227,
160,4,2.79E-04,0.00213,
161,4,2.23E-04,0.00213,
162,4,3.54E-04,0.0021,
163,4,3.98E-04,0.00212,
164,4,3.37E-04,0.00218,
165,4,4.38E-04,0.00226,
166,4,5.40E-04,0.00232,
167,4,5.37E-04,0.00244,
168,4,4.76E-04,0.00252,
169,4,6.87E-04,0.00267,
170,4,6.96E-04,0.0028,
171,4,5.67E-04,0.00297,
172,4,7.59E-04,0.00309,
66,6,0.0016,0.00149,
67,6,0.00126,0.00142,
68,6,9.92E-04,0.00136,
69,6,6.17E-04,0.00132,
70,6,4.42E-04,0.0013,
71,6,1.50E-04,0.00131,
72,6,-1.17E-05,0.00135,
73,6,-8.10E-06,0.00144,
74,6,-1.14E-04,0.00158,
75,6,4.81E-05,0.00181,
76,6,2.01E-04,0.00213,
77,6,6.05E-04,0.00257,
78,6,0.00113,0.00317,
79,6,0.00197,0.00387,
80,6,0.00301,0.00494,
81,6,0.00462,0.00627,
82,6,0.0063,0.00811,
83,6,0.00913,0.01062,
84,6,0.01148,0.01355,
85,6,0.01584,0.01736,
86,6,0.02027,0.02227,
87,6,0.02696,0.02774,
88,6,0.03704,0.03512,
89,6,0.04603,0.04248,
90,6,0.05375,0.04791,
91,6,0.05365,0.05139,
92,6,0.05123,0.05431,
93,6,0.05455,0.0583,
94,6,0.05598,0.05962,
95,6,0.05969,0.05989,
96,6,0.05974,0.05691,
97,6,0.05434,0.05347,
98,6,0.05223,0.05833,
99,6,0.05496,0.06279,
100,6,0.05408,0.05918,
101,6,0.04459,0.04804,
102,6,0.03512,0.03728,
103,6,0.02836,0.02912,
104,6,0.0216,0.02176,
105,6,0.01454,0.01607,
106,6,0.01074,0.01232,
107,6,0.00822,0.01024,
108,6,0.00659,0.00874,
109,6,0.00578,0.00764,
110,6,0.00516,0.00795,
111,6,0.00438,0.00799,
112,6,0.00405,0.00792,
113,6,0.0042,0.00797,
114,6,0.00413,0.00805,
115,6,0.00414,0.00793,
116,6,0.00461,0.00788,
117,6,0.00482,0.00782,
118,6,0.00507,0.00755,
119,6,0.00556,0.00746,
120,6,0.00576,0.00735,
121,6,0.00625,0.00701,
122,6,0.00649,0.00699,
123,6,0.00684,0.00719,
124,6,0.00737,0.0073,
125,6,0.00792,0.00777,
126,6,0.00875,0.00909,
127,6,0.01044,0.01125,
128,6,0.01367,0.0142,
129,6,0.01992,0.01942,
130,6,0.02965,0.02707,
131,6,0.04613,0.0372,
132,6,0.06185,0.05141,
133,6,0.07036,0.06766,
134,6,0.06985,0.06262,
135,6,0.06467,0.06034,
136,6,0.0654,0.05823,
137,6,0.06544,0.06485,
138,6,0.05881,0.06516,
139,6,0.05553,0.05759,
140,6,0.05508,0.05362,
141,6,0.05307,0.05208,
142,6,0.0532,0.0517,
143,6,0.04978,0.04857,
144,6,0.04036,0.04147,
145,6,0.03102,0.03269,
146,6,0.02466,0.02496,
147,6,0.01842,0.01971,
148,6,0.01397,0.01524,
149,6,0.01063,0.01204,
150,6,0.0078,0.00947,
151,6,0.00535,0.00739,
152,6,0.00431,0.00605,
153,6,0.00254,0.00483,
154,6,0.00173,0.004,
155,6,0.00144,0.00341,
156,6,8.27E-04,0.00292,
157,6,6.02E-04,0.00257,
158,6,5.24E-04,0.00237,
159,6,4.50E-04,0.00219,
160,6,3.81E-04,0.00206,
161,6,3.29E-04,0.00205,
162,6,4.43E-04,0.00201,
163,6,4.56E-04,0.00203,
164,6,3.91E-04,0.00207,
165,6,4.95E-04,0.00215,
166,6,5.71E-04,0.00219,
167,6,5.51E-04,0.00229,
168,6,5.02E-04,0.00237,
169,6,7.02E-04,0.00249,
170,6,6.85E-04,0.00262,
171,6,5.63E-04,0.00276,
172,6,7.67E-04,0.00286,
66,8,0.0016,8.46E-04,
67,8,0.00125,8.01E-04,
68,8,9.72E-04,7.70E-04,
69,8,6.16E-04,7.57E-04,
70,8,4.51E-04,7.66E-04,
71,8,1.38E-04,7.95E-04,
72,8,7.67E-07,8.68E-04,
73,8,1.18E-05,9.86E-04,
74,8,-8.98E-05,0.00116,
75,8,9.67E-05,0.00142,
76,8,2.65E-04,0.00177,
77,8,6.99E-04,0.00224,
78,8,0.00126,0.00289,
79,8,0.00213,0.00362,
80,8,0.00324,0.00476,
81,8,0.00487,0.00612,
82,8,0.00664,0.00804,
83,8,0.00947,0.01058,
84,8,0.01194,0.01358,
85,8,0.01613,0.01744,
86,8,0.02049,0.02229,
87,8,0.02715,0.02774,
88,8,0.03615,0.03466,
89,8,0.04442,0.04124,
90,8,0.05227,0.04682,
91,8,0.05252,0.05066,
92,8,0.04969,0.05374,
93,8,0.05249,0.05746,
94,8,0.0541,0.05839,
95,8,0.05723,0.05849,
96,8,0.05769,0.05625,
97,8,0.05305,0.05426,
98,8,0.05159,0.0578,
99,8,0.0541,0.06066,
100,8,0.05145,0.05425,
101,8,0.04142,0.04449,
102,8,0.03284,0.03546,
103,8,0.0277,0.02812,
104,8,0.02176,0.02152,
105,8,0.01565,0.01651,
106,8,0.01239,0.01314,
107,8,0.0099,0.0112,
108,8,0.00842,0.00984,
109,8,0.00762,0.0089,
110,8,0.00667,0.009,
111,8,0.00582,0.00892,
112,8,0.00554,0.0087,
113,8,0.00551,0.00863,
114,8,0.00526,0.00861,
115,8,0.00541,0.00843,
116,8,0.00582,0.0084,
117,8,0.00595,0.00834,
118,8,0.00645,0.00815,
119,8,0.00685,0.00822,
120,8,0.00721,0.00815,
121,8,0.00785,0.00799,
122,8,0.00805,0.00824,
123,8,0.00877,0.00846,
124,8,0.00931,0.00859,
125,8,0.00993,0.00932,
126,8,0.0112,0.01084,
127,8,0.01316,0.01282,
128,8,0.0165,0.01587,
129,8,0.02287,0.02141,
130,8,0.03253,0.02886,
131,8,0.04812,0.03933,
132,8,0.06159,0.05318,
133,8,0.06858,0.06398,
134,8,0.06611,0.06323,
135,8,0.06286,0.05692,
136,8,0.06317,0.05687,
137,8,0.06215,0.06252,
138,8,0.05481,0.06176,
139,8,0.05315,0.05517,
140,8,0.05293,0.05179,
141,8,0.05181,0.05023,
142,8,0.05147,0.04892,
143,8,0.04656,0.045,
144,8,0.0376,0.03822,
145,8,0.0284,0.03027,
146,8,0.02321,0.02327,
147,8,0.01753,0.01834,
148,8,0.0134,0.01409,
149,8,0.01021,0.01112,
150,8,0.00756,0.00862,
151,8,0.00526,0.00671,
152,8,0.00426,0.00542,
153,8,0.00251,0.00427,
154,8,0.00179,0.00349,
155,8,0.00149,0.00292,
156,8,8.70E-04,0.00247,
157,8,6.51E-04,0.00212,
158,8,5.79E-04,0.00192,
159,8,4.77E-04,0.00176,
160,8,3.86E-04,0.00163,
161,8,3.40E-04,0.00161,
162,8,4.43E-04,0.00158,
163,8,4.22E-04,0.00158,
164,8,3.56E-04,0.00161,
165,8,4.75E-04,0.00168,
166,8,5.11E-04,0.00171,
167,8,4.83E-04,0.00181,
168,8,4.59E-04,0.00187,
169,8,6.29E-04,0.00198,
170,8,5.96E-04,0.00209,
171,8,4.96E-04,0.00223,
172,8,6.88E-04,0.00232,
66,10,0.00154,3.13E-04,
67,10,0.00119,2.87E-04,
68,10,8.95E-04,2.73E-04,
69,10,5.58E-04,2.77E-04,
70,10,4.07E-04,3.04E-04,
71,10,7.36E-05,3.53E-04,
72,10,-4.09E-05,4.47E-04,
73,10,-2.33E-05,5.88E-04,
74,10,-1.15E-04,7.86E-04,
75,10,9.35E-05,0.00107,
76,10,2.74E-04,0.00146,
77,10,7.44E-04,0.00197,
78,10,0.00134,0.00265,
79,10,0.00224,0.00347,
80,10,0.00341,0.00466,
81,10,0.00508,0.00608,
82,10,0.00693,0.00804,
83,10,0.00979,0.01063,
84,10,0.01239,0.01367,
85,10,0.01637,0.01759,
86,10,0.02071,0.02241,
87,10,0.02721,0.02786,
88,10,0.03511,0.0344,
89,10,0.04267,0.04053,
90,10,0.05052,0.0462,
91,10,0.05134,0.05011,
92,10,0.04878,0.05326,
93,10,0.05096,0.05672,
94,10,0.05301,0.05741,
95,10,0.05507,0.0576,
96,10,0.05545,0.05603,
97,10,0.05192,0.05541,
98,10,0.05175,0.05699,
99,10,0.05374,0.0566,
100,10,0.04863,0.05044,
101,10,0.03831,0.04233,
102,10,0.03108,0.03418,
103,10,0.02738,0.02722,
104,10,0.02209,0.02138,
105,10,0.01691,0.01701,
106,10,0.01403,0.01386,
107,10,0.01163,0.01202,
108,10,0.01033,0.01094,
109,10,0.00947,0.01001,
110,10,0.00821,0.00973,
111,10,0.00736,0.00951,
112,10,0.00711,0.00915,
113,10,0.00674,0.00898,
114,10,0.00647,0.00887,
115,10,0.00672,0.00867,
116,10,0.00687,0.00868,
117,10,0.00711,0.00861,
118,10,0.0077,0.00853,
119,10,0.00799,0.00876,
120,10,0.00863,0.00874,
121,10,0.00915,0.00883,
122,10,0.00964,0.00932,
123,10,0.01047,0.00957,
124,10,0.01091,0.00994,
125,10,0.0119,0.01106,
126,10,0.01331,0.0126,
127,10,0.01528,0.01445,
128,10,0.01894,0.01785,
129,10,0.02534,0.02351,
130,10,0.03431,0.03066,
131,10,0.0482,0.04218,
132,10,0.05926,0.05339,
133,10,0.06528,0.05929,
134,10,0.06255,0.06276,
135,10,0.05979,0.05357,
136,10,0.06016,0.05742,
137,10,0.0579,0.05922,
138,10,0.05153,0.05745,
139,10,0.0508,0.05315,
140,10,0.05135,0.05017,
141,10,0.05055,0.04844,
142,10,0.04939,0.04636,
143,10,0.04366,0.04184,
144,10,0.03527,0.03535,
145,10,0.02603,0.02801,
146,10,0.0219,0.02161,
147,10,0.01664,0.01691,
148,10,0.01283,0.01289,
149,10,0.00975,0.01009,
150,10,0.00732,0.00769,
151,10,0.00512,0.00592,
152,10,0.00413,0.00467,
153,10,0.00241,0.0036,
154,10,0.00177,0.00286,
155,10,0.00145,0.00231,
156,10,8.42E-04,0.00188,
157,10,6.27E-04,0.00155,
158,10,5.61E-04,0.00136,
159,10,4.39E-04,0.0012,
160,10,3.24E-04,0.00107,
161,10,2.93E-04,0.00105,
162,10,3.83E-04,0.00102,
163,10,3.25E-04,0.00101,
164,10,2.69E-04,0.00104,
165,10,4.00E-04,0.00111,
166,10,3.89E-04,0.00113,
167,10,3.66E-04,0.00122,
168,10,3.67E-04,0.00127,
169,10,4.95E-04,0.00137,
170,10,4.59E-04,0.00147,
171,10,3.84E-04,0.00159,
172,10,5.48E-04,0.00167,
66,12,0.00145,-9.93E-05,
67,12,0.00108,-1.07E-04,
68,12,7.78E-04,-1.12E-04,
69,12,4.62E-04,-9.20E-05,
70,12,3.24E-04,-5.23E-05,
71,12,-2.65E-05,1.14E-05,
72,12,-1.20E-04,1.25E-04,
73,12,-9.88E-05,2.85E-04,
74,12,-1.73E-04,5.09E-04,
75,12,5.58E-05,8.20E-04,
76,12,2.45E-04,0.00124,
77,12,7.56E-04,0.00179,
78,12,0.00138,0.00252,
79,12,0.00233,0.00341,
80,12,0.00355,0.00469,
81,12,0.00526,0.00618,
82,12,0.0072,0.00825,
83,12,0.01014,0.01089,
84,12,0.01286,0.014,
85,12,0.01662,0.01797,
86,12,0.021,0.02272,
87,12,0.02713,0.02812,
88,12,0.03396,0.03425,
89,12,0.04084,0.04011,
90,12,0.04856,0.04573,
91,12,0.05,0.04959,
92,12,0.04848,0.05276,
93,12,0.05,0.05591,
94,12,0.05252,0.05645,
95,12,0.05324,0.05679,
96,12,0.05333,0.05588,
97,12,0.05142,0.05514,
98,12,0.05291,0.05489,
99,12,0.05327,0.05285,
100,12,0.04561,0.0477,
101,12,0.03565,0.04048,
102,12,0.03008,0.03311,
103,12,0.02746,0.02658,
104,12,0.02272,0.02141,
105,12,0.01833,0.01756,
106,12,0.01568,0.01469,
107,12,0.01344,0.013,
108,12,0.01231,0.01191,
109,12,0.01128,0.01093,
110,12,0.00983,0.01026,
111,12,0.00904,0.00988,
112,12,0.00867,0.00942,
113,12,0.008,0.00916,
114,12,0.0078,0.00898,
115,12,0.00794,0.00878,
116,12,0.00789,0.00881,
117,12,0.00832,0.00876,
118,12,0.0087,0.00882,
119,12,0.00914,0.00914,
120,12,0.00984,0.00925,
121,12,0.01027,0.00965,
122,12,0.01119,0.01031,
123,12,0.0118,0.01072,
124,12,0.01244,0.01155,
125,12,0.01359,0.013,
126,12,0.01492,0.01448,
127,12,0.01714,0.01653,
128,12,0.02091,0.02042,
129,12,0.02691,0.02586,
130,12,0.03523,0.03279,
131,12,0.04643,0.04298,
132,12,0.05552,0.05214,
133,12,0.06077,0.05651,
134,12,0.05926,0.06104,
135,12,0.05629,0.05441,
136,12,0.05671,0.05826,
137,12,0.05326,0.05654,
138,12,0.04867,0.05455,
139,12,0.04897,0.05142,
140,12,0.04977,0.04866,
141,12,0.04917,0.04669,
142,12,0.04715,0.04394,
143,12,0.04113,0.03898,
144,12,0.03322,0.03274,
145,12,0.02512,0.0259,
146,12,0.02069,0.01999,
147,12,0.01575,0.01549,
148,12,0.0123,0.01169,
149,12,0.00926,0.00905,
150,12,0.00717,0.00675,
151,12,0.00496,0.0051,
152,12,0.00398,0.00389,
153,12,0.00227,0.0029,
154,12,0.00171,0.00219,
155,12,0.00135,0.00166,
156,12,7.68E-04,0.00127,
157,12,5.52E-04,9.39E-04,
158,12,4.94E-04,7.58E-04,
159,12,3.55E-04,6.13E-04,
160,12,2.14E-04,4.79E-04,
161,12,2.10E-04,4.53E-04,
162,12,2.78E-04,4.28E-04,
163,12,1.84E-04,4.15E-04,
164,12,1.51E-04,4.37E-04,
165,12,2.83E-04,5.00E-04,
166,12,2.27E-04,5.15E-04,
167,12,2.18E-04,5.96E-04,
168,12,2.38E-04,6.37E-04,
169,12,3.21E-04,7.34E-04,
170,12,2.93E-04,8.25E-04,
171,12,2.42E-04,9.40E-04,
172,12,3.70E-04,0.001,
66,14,0.00134,-3.97E-04,
67,14,9.37E-04,-3.86E-04,
68,14,6.37E-04,-3.80E-04,
69,14,3.41E-04,-3.48E-04,
70,14,2.15E-04,-2.97E-04,
71,14,-1.50E-04,-2.21E-04,
72,14,-2.23E-04,-8.80E-05,
73,14,-2.03E-04,8.86E-05,
74,14,-2.54E-04,3.39E-04,
75,14,-6.18E-06,6.77E-04,
76,14,1.93E-04,0.00113,
77,14,7.46E-04,0.00171,
78,14,0.00139,0.0025,
79,14,0.00239,0.00342,
80,14,0.00366,0.0048,
81,14,0.00543,0.00634,
82,14,0.00745,0.00854,
83,14,0.01064,0.0113,
84,14,0.01343,0.01447,
85,14,0.01692,0.01843,
86,14,0.02143,0.02299,
87,14,0.02695,0.02837,
88,14,0.03273,0.03414,
89,14,0.03897,0.03983,
90,14,0.04642,0.04529,
91,14,0.04852,0.04905,
92,14,0.0484,0.05224,
93,14,0.04955,0.05507,
94,14,0.0524,0.05549,
95,14,0.05169,0.05584,
96,14,0.05177,0.05472,
97,14,0.0522,0.05316,
98,14,0.05477,0.05285,
99,14,0.05188,0.05094,
100,14,0.04263,0.04561,
101,14,0.03379,0.03882,
102,14,0.02987,0.03224,
103,14,0.02798,0.02625,
104,14,0.02372,0.02163,
105,14,0.01994,0.01835,
106,14,0.01737,0.01575,
107,14,0.01533,0.01403,
108,14,0.01434,0.01274,
109,14,0.01308,0.01156,
110,14,0.01156,0.01062,
111,14,0.01084,0.01009,
112,14,0.01018,0.00954,
113,14,0.00937,0.00923,
114,14,0.00925,0.009,
115,14,0.00904,0.00883,
116,14,0.009,0.00888,
117,14,0.00943,0.00887,
118,14,0.00959,0.00906,
119,14,0.01026,0.00947,
120,14,0.01074,0.00975,
121,14,0.0114,0.01043,
122,14,0.01244,0.01119,
123,14,0.0129,0.01198,
124,14,0.01383,0.01335,
125,14,0.0148,0.015,
126,14,0.01628,0.01661,
127,14,0.01862,0.01924,
128,14,0.02214,0.02344,
129,14,0.0278,0.02848,
130,14,0.03513,0.0352,
131,14,0.0434,0.04425,
132,14,0.05066,0.05114,
133,14,0.05549,0.05562,
134,14,0.05623,0.05907,
135,14,0.05301,0.05727,
136,14,0.05289,0.05772,
137,14,0.04906,0.05488,
138,14,0.04547,0.05259,
139,14,0.04756,0.04993,
140,14,0.04833,0.04727,
141,14,0.04756,0.04502,
142,14,0.04496,0.04172,
143,14,0.03909,0.03644,
144,14,0.0313,0.03044,
145,14,0.02583,0.02398,
146,14,0.01956,0.01848,
147,14,0.01488,0.01415,
148,14,0.01185,0.01058,
149,14,0.00874,0.00805,
150,14,0.00726,0.00586,
151,14,0.00477,0.00432,
152,14,0.00383,0.00315,
153,14,0.00211,0.00222,
154,14,0.00161,0.00154,
155,14,0.00121,0.00105,
156,14,6.61E-04,6.71E-04,
157,14,4.39E-04,3.53E-04,
158,14,3.94E-04,1.80E-04,
159,14,2.37E-04,4.40E-05,
160,14,7.19E-05,-9.23E-05,
161,14,1.03E-04,-1.16E-04,
162,14,1.41E-04,-1.40E-04,
163,14,1.59E-05,-1.59E-04,
164,14,1.62E-05,-1.39E-04,
165,14,1.34E-04,-7.97E-05,
166,14,3.88E-05,-7.15E-05,
167,14,5.48E-05,4.55E-06,
168,14,8.15E-05,3.87E-05,
169,14,1.22E-04,1.28E-04,
170,14,1.10E-04,2.14E-04,
171,14,7.43E-05,3.23E-04,
172,14,1.67E-04,3.75E-04,
66,2.53E-08,,,7.22E-08
67,2.53E-08,,,3.62E-07
68,2.53E-08,,,7.17E-07
69,2.53E-08,,,1.57E-06
70,2.53E-08,,,3.62E-06
71,2.53E-08,,,8.38E-06
72,2.53E-08,,,2.65E-05
73,2.53E-08,,,8.92E-05
74,2.53E-08,,,3.39E-04
75,2.53E-08,,,0.00107
76,2.53E-08,,,0.0031
77,2.53E-08,,,0.00796
78,2.53E-08,,,0.02097
79,2.53E-08,,,0.04474
80,2.53E-08,,,0.12885
81,2.53E-08,,,0.20371
82,2.53E-08,,,0.32461
83,2.53E-08,,,0.53651
84,2.53E-08,,,1.00223
85,2.53E-08,,,1.31889
86,2.53E-08,,,1.96538
87,2.53E-08,,,2.56064
88,2.53E-08,,,3.57549
89,2.53E-08,,,4.73371
90,2.53E-08,,,5.78313
91,2.53E-08,,,5.82903
92,2.53E-08,,,6.02249
93,2.53E-08,,,6.3476
94,2.53E-08,,,6.47353
95,2.53E-08,,,6.50421
96,2.53E-08,,,6.34109
97,2.53E-08,,,5.99803
98,2.53E-08,,,5.79108
99,2.53E-08,,,6.10999
100,2.53E-08,,,6.29366
101,2.53E-08,,,5.17362
102,2.53E-08,,,4.29936
103,2.53E-08,,,3.03156
104,2.53E-08,,,1.88108
105,2.53E-08,,,0.96436
106,2.53E-08,,,0.40163
107,2.53E-08,,,0.14622
108,2.53E-08,,,0.05414
109,2.53E-08,,,0.03123
110,2.53E-08,,,0.02545
111,2.53E-08,,,0.01743
112,2.53E-08,,,0.01305
113,2.53E-08,,,0.01421
114,2.53E-08,,,0.01183
115,2.53E-08,,,0.01259
116,2.53E-08,,,0.01325
117,2.53E-08,,,0.01276
118,2.53E-08,,,0.01135
119,2.53E-08,,,0.01288
120,2.53E-08,,,0.01261
121,2.53E-08,,,0.01305
122,2.53E-08,,,0.01525
123,2.53E-08,,,0.01566
124,2.53E-08,,,0.02679
125,2.53E-08,,,0.02985
126,2.53E-08,,,0.05853
127,2.53E-08,,,0.15701
128,2.53E-08,,,0.34889
129,2.53E-08,,,0.54346
130,2.53E-08,,,1.81088
131,2.53E-08,,,2.81081
132,2.53E-08,,,4.31399
133,2.53E-08,,,6.70082
134,2.53E-08,,,7.87371
135,2.53E-08,,,6.54034
136,2.53E-08,,,6.31956
137,2.53E-08,,,6.18978
138,2.53E-08,,,6.76895
139,2.53E-08,,,6.41472
140,2.53E-08,,,6.22101
141,2.53E-08,,,5.8482
142,2.53E-08,,,5.85007
143,2.53E-08,,,5.957
144,2.53E-08,,,5.50071
145,2.53E-08,,,3.93418
146,2.53E-08,,,2.99752
147,2.53E-08,,,2.24719
148,2.53E-08,,,1.67389
149,2.53E-08,,,1.08185
150,2.53E-08,,,0.65341
151,2.53E-08,,,0.49425
152,2.53E-08,,,0.26697
153,2.53E-08,,,0.12663
154,2.53E-08,,,0.07445
155,2.53E-08,,,0.03214
156,2.53E-08,,,0.01486
157,2.53E-08,,,0.00615
158,2.53E-08,,,0.00329
159,2.53E-08,,,0.00101
160,2.53E-08,,,3.19E-04
161,2.53E-08,,,8.53E-05
162,2.53E-08,,,1.59E-05
163,2.53E-08,,,6.11E-06
164,2.53E-08,,,1.88E-06
165,2.53E-08,,,9.53E-07
166,2.53E-08,,,3.63E-07
167,2.53E-08,,,2.48E-07
168,2.53E-08,,,5.71E-08
169,2.53E-08,,,2.38E-08
170,2.53E-08,,,5.01E-09
171,2.53E-08,,,2.35E-09
172,2.53E-08,,,7.69E-10
66,0.5,,,7.24E-07
67,0.5,,,2.32E-06
68,0.5,,,4.03E-06
69,0.5,,,8.70E-06
70,0.5,,,1.89E-05
71,0.5,,,4.65E-05
72,0.5,,,1.66E-04
73,0.5,,,5.24E-04
74,0.5,,,0.00119
75,0.5,,,0.00353
76,0.5,,,0.01758
77,0.5,,,0.03181
78,0.5,,,0.05712
79,0.5,,,0.09086
80,0.5,,,0.17595
81,0.5,,,0.228
82,0.5,,,0.34019
83,0.5,,,0.57679
84,0.5,,,1.03081
85,0.5,,,1.36378
86,0.5,,,1.94684
87,0.5,,,2.54382
88,0.5,,,3.4944
89,0.5,,,4.37365
90,0.5,,,5.465
91,0.5,,,5.73341
92,0.5,,,5.84595
93,0.5,,,6.25401
94,0.5,,,6.30016
95,0.5,,,6.43198
96,0.5,,,6.20244
97,0.5,,,6.00286
98,0.5,,,5.92369
99,0.5,,,5.94314
100,0.5,,,6.29832
101,0.5,,,5.12425
102,0.5,,,4.35904
103,0.5,,,3.2439
104,0.5,,,2.07236
105,0.5,,,1.19631
106,0.5,,,0.53239
107,0.5,,,0.30233
108,0.5,,,0.13081
109,0.5,,,0.08155
110,0.5,,,0.06491
111,0.5,,,0.04258
112,0.5,,,0.03771
113,0.5,,,0.03261
114,0.5,,,0.03229
115,0.5,,,0.03388
116,0.5,,,0.034
117,0.5,,,0.03682
118,0.5,,,0.03363
119,0.5,,,0.03502
120,0.5,,,0.03529
121,0.5,,,0.03681
122,0.5,,,0.04041
123,0.5,,,0.04406
124,0.5,,,0.06333
125,0.5,,,0.06803
126,0.5,,,0.09754
127,0.5,,,0.30628
128,0.5,,,0.5045
129,0.5,,,0.83516
130,0.5,,,1.79462
131,0.5,,,3.21952
132,0.5,,,4.67103
133,0.5,,,6.72398
134,0.5,,,7.66668
135,0.5,,,6.60131
136,0.5,,,6.22708
137,0.5,,,6.22151
138,0.5,,,6.68047
139,0.5,,,6.34325
140,0.5,,,5.97793
141,0.5,,,5.94908
142,0.5,,,5.54214
143,0.5,,,5.73116
144,0.5,,,5.26865
145,0.5,,,3.7757
146,0.5,,,2.92135
147,0.5,,,2.13887
148,0.5,,,1.68343
149,0.5,,,1.03696
150,0.5,,,0.68583
151,0.5,,,0.41199
152,0.5,,,0.27085
153,0.5,,,0.16705
154,0.5,,,0.07232
155,0.5,,,0.03947
156,0.5,,,0.02026
157,0.5,,,0.01058
158,0.5,,,0.00649
159,0.5,,,0.00301
160,0.5,,,0.00113
161,0.5,,,3.33E-04
162,0.5,,,5.77E-05
163,0.5,,,9.62E-06
164,0.5,,,5.77E-06
165,0.5,,,2.31E-06
166,0.5,,,9.62E-07
167,0.5,,,3.85E-07
168,0.5,,,9.62E-08
169,0.5,,,5.77E-08
170,0.5,,,1.91E-08
171,0.5,,,6.73E-09
172,0.5,,,1.92E-09
66,14,,,2.89E-04
67,14,,,6.06E-04
68,14,,,8.03E-04
69,14,,,0.00125
70,14,,,0.00231
71,14,,,0.00396
72,14,,,0.00604
73,14,,,0.01109
74,14,,,0.01708
75,14,,,0.0271
76,14,,,0.03989
77,14,,,0.06565
78,14,,,0.10004
79,14,,,0.16838
80,14,,,0.25266
81,14,,,0.331
82,14,,,0.596
83,14,,,1.10436
84,14,,,1.3825
85,14,,,1.80108
86,14,,,1.79123
87,14,,,2.39052
88,14,,,3.38099
89,14,,,4.17961
90,14,,,4.72975
91,14,,,4.85655
92,14,,,5.10055
93,14,,,5.10699
94,14,,,5.21573
95,14,,,5.22242
96,14,,,5.23936
97,14,,,5.56785
98,14,,,5.43334
99,14,,,5.18211
100,14,,,3.93461
101,14,,,3.46667
102,14,,,3.26368
103,14,,,3.2176
104,14,,,2.47938
105,14,,,1.88838
106,14,,,1.61809
107,14,,,1.29068
108,14,,,1.18208
109,14,,,1.17607
110,14,,,1.09067
111,14,,,1.08375
112,14,,,1.00201
113,14,,,1.02035
114,14,,,0.9843
115,14,,,1.18795
116,14,,,1.02211
117,14,,,0.97474
118,14,,,1.08632
119,14,,,1.04444
120,14,,,1.09482
121,14,,,1.05806
122,14,,,1.15043
123,14,,,1.11997
124,14,,,1.29539
125,14,,,1.45766
126,14,,,1.86988
127,14,,,2.18985
128,14,,,2.46381
129,14,,,3.00529
130,14,,,3.61461
131,14,,,4.11962
132,14,,,4.90264
133,14,,,5.55165
134,14,,,5.73124
135,14,,,5.75462
136,14,,,5.2321
137,14,,,5.0372
138,14,,,4.62235
139,14,,,4.84721
140,14,,,4.54766
141,14,,,4.50418
142,14,,,4.21394
143,14,,,3.8361
144,14,,,3.18615
145,14,,,2.72372
146,14,,,2.20832
147,14,,,1.62992
148,14,,,1.20252
149,14,,,0.81687
150,14,,,0.51396
151,14,,,0.35563
152,14,,,0.25867
153,14,,,0.20357
154,14,,,0.12749
155,14,,,0.07905
156,14,,,0.05813
157,14,,,0.03786
158,14,,,0.02357
159,14,,,0.01217
160,14,,,0.00724
161,14,,,0.00528
162,14,,,0.00279
163,14,,,0.00159
164,14,,,9.80E-04
165,14,,,5.40E-04
166,14,,,2.80E-04
167,14,,,1.86E-04
168,14,,,1.02E-04
169,14,,,7.84E-05
170,14,,,3.26E-05
171,14,,,1.77E-05
172,14,,,1.66E-05
