z,a,e,Uninformed_pred,Uninformed_CI5,Uninformed_CI95,Informed_Pred,Informed_CI5,Informed_CI95,Infor+Cons_pred,Infor+Cons_CI5,Infor+Cons_CI95,JENDL,JENDL Error,GEF,GEF Error,EXP,EXP Error,ENDF,ENDF Error,JEFF,JEFF Error
53,135,2.10E-07,0.02578,0.02104,0.03188,0.02421,0.0217,0.02682,0.02651,0.02433,0.02872,,,,,,,,,,
53,135,0.1,0.02607,0.02144,0.03212,0.02462,0.02214,0.02724,0.02705,0.02489,0.02924,,,,,,,,,,
53,135,0.2,0.02636,0.02181,0.03235,0.02504,0.02257,0.02765,0.02758,0.02543,0.02976,,,,,,,,,,
53,135,0.3,0.02664,0.02216,0.03258,0.02546,0.02299,0.02807,0.0281,0.02597,0.03026,,,,,,,,,,
53,135,0.4,0.02692,0.02248,0.0328,0.02589,0.02341,0.0285,0.02862,0.02648,0.03077,,,,,,,,,,
53,135,0.5,0.02718,0.02279,0.03303,0.02631,0.02382,0.02893,0.02911,0.02698,0.03126,,,,,,,,,,
53,135,0.6,0.02744,0.02309,0.03324,0.02674,0.02421,0.02935,0.0296,0.02747,0.03174,,,,,,,,,,
53,135,0.7,0.02769,0.02337,0.03344,0.02716,0.02462,0.02978,0.03008,0.02795,0.03221,,,,,,,,,,
53,135,0.8,0.02794,0.02364,0.03364,0.02759,0.02501,0.03022,0.03055,0.02842,0.03268,,,,,,,,,,
53,135,0.9,0.02817,0.0239,0.03384,0.02801,0.02539,0.03066,0.031,0.02887,0.03313,,,,,,,,,,
53,135,1,0.0284,0.02415,0.03403,0.02844,0.02578,0.0311,0.03145,0.02931,0.03358,,,,,,,,,,
53,135,1.1,0.02862,0.0244,0.03422,0.02886,0.02617,0.03154,0.03188,0.02973,0.03402,,,,,,,,,,
53,135,1.2,0.02884,0.02462,0.03439,0.02928,0.02657,0.03196,0.0323,0.03015,0.03444,,,,,,,,,,
53,135,1.3,0.02905,0.02485,0.03457,0.0297,0.02696,0.03241,0.03271,0.03055,0.03485,,,,,,,,,,
53,135,1.4,0.02925,0.02506,0.03473,0.03011,0.02734,0.03283,0.03311,0.03093,0.03524,,,,,,,,,,
53,135,1.5,0.02944,0.02526,0.03489,0.03052,0.02771,0.03325,0.0335,0.03131,0.03563,,,,,,,,,,
53,135,1.6,0.02963,0.02545,0.03504,0.03093,0.02809,0.03368,0.03387,0.03167,0.036,,,,,,,,,,
53,135,1.7,0.02981,0.02565,0.03519,0.03133,0.02847,0.0341,0.03423,0.03203,0.03637,,,,,,,,,,
53,135,1.8,0.02999,0.02583,0.03533,0.03173,0.02883,0.03454,0.03458,0.03237,0.03672,,,,,,,,,,
53,135,1.9,0.03016,0.02601,0.03547,0.03212,0.0292,0.03496,0.03492,0.03269,0.03706,,,,,,,,,,
53,135,2,0.03033,0.02618,0.03561,0.03251,0.02956,0.03536,0.03525,0.033,0.03739,,,,,,,,,,
53,135,2.1,0.03049,0.02635,0.03575,0.03289,0.02991,0.03577,0.03557,0.03331,0.0377,,,,,,,,,,
53,135,2.2,0.03064,0.02651,0.03588,0.03326,0.03024,0.03618,0.03587,0.0336,0.03801,,,,,,,,,,
53,135,2.3,0.03079,0.02666,0.036,0.03362,0.03057,0.03658,0.03616,0.03388,0.03831,,,,,,,,,,
53,135,2.4,0.03094,0.02681,0.03612,0.03398,0.03089,0.03696,0.03645,0.03415,0.0386,,,,,,,,,,
53,135,2.5,0.03108,0.02695,0.03624,0.03433,0.03121,0.03735,0.03672,0.03441,0.03887,,,,,,,,,,
53,135,2.6,0.03121,0.02709,0.03635,0.03467,0.03151,0.03772,0.03698,0.03465,0.03914,,,,,,,,,,
53,135,2.7,0.03134,0.02722,0.03646,0.035,0.03179,0.03808,0.03723,0.03488,0.03939,,,,,,,,,,
53,135,2.8,0.03147,0.02736,0.03656,0.03533,0.03207,0.03843,0.03746,0.0351,0.03963,,,,,,,,,,
53,135,2.9,0.03159,0.02748,0.03666,0.03564,0.03232,0.03877,0.03769,0.03532,0.03986,,,,,,,,,,
53,135,3,0.03171,0.0276,0.03676,0.03595,0.03258,0.0391,0.03791,0.03553,0.04009,,,,,,,,,,
53,135,3.1,0.03183,0.02772,0.03685,0.03624,0.03283,0.03942,0.03812,0.03572,0.0403,,,,,,,,,,
53,135,3.2,0.03194,0.02783,0.03694,0.03653,0.03306,0.03972,0.03832,0.03591,0.0405,,,,,,,,,,
53,135,3.3,0.03204,0.02794,0.03703,0.03681,0.03328,0.04002,0.0385,0.03608,0.04069,,,,,,,,,,
53,135,3.4,0.03214,0.02804,0.03711,0.03707,0.03349,0.04031,0.03868,0.03624,0.04087,,,,,,,,,,
53,135,3.5,0.03224,0.02814,0.03719,0.03733,0.0337,0.0406,0.03885,0.0364,0.04104,,,,,,,,,,
53,135,3.6,0.03234,0.02823,0.03727,0.03758,0.03389,0.04087,0.03901,0.03656,0.0412,,,,,,,,,,
53,135,3.7,0.03242,0.02831,0.03735,0.03782,0.03408,0.04113,0.03916,0.0367,0.04135,,,,,,,,,,
53,135,3.8,0.03251,0.02837,0.03742,0.03804,0.03425,0.04137,0.03931,0.03683,0.0415,,,,,,,,,,
53,135,3.9,0.03259,0.02841,0.03748,0.03826,0.03442,0.0416,0.03944,0.03696,0.04163,,,,,,,,,,
53,135,4,0.03266,0.02842,0.03756,0.03847,0.03458,0.04183,0.03957,0.03708,0.04176,,,,,,,,,,
53,135,4.1,0.03273,0.02837,0.03762,0.03866,0.03473,0.04204,0.03968,0.03718,0.04188,,,,,,,,,,
53,135,4.2,0.03279,0.02831,0.03769,0.03885,0.03488,0.04225,0.03979,0.03728,0.04199,,,,,,,,,,
53,135,4.3,0.03285,0.02817,0.03775,0.03903,0.03502,0.04244,0.03989,0.03738,0.04209,,,,,,,,,,
53,135,4.4,0.0329,0.02801,0.03781,0.03919,0.03515,0.04261,0.03999,0.03747,0.04218,,,,,,,,,,
53,135,4.5,0.03295,0.02779,0.03787,0.03935,0.03528,0.04279,0.04007,0.03755,0.04226,,,,,,,,,,
53,135,4.6,0.03299,0.02741,0.03793,0.0395,0.0354,0.04294,0.04015,0.03763,0.04234,,,,,,,,,,
53,135,4.7,0.03302,0.02683,0.03798,0.03964,0.03551,0.0431,0.04022,0.0377,0.04241,,,,,,,,,,
53,135,4.8,0.03305,0.02617,0.03803,0.03977,0.03562,0.04324,0.04029,0.03777,0.04247,,,,,,,,,,
53,135,4.9,0.03306,0.02534,0.03808,0.03989,0.03572,0.04337,0.04035,0.03783,0.04252,,,,,,,,,,
53,135,5,0.03308,0.02437,0.03813,0.04,0.03581,0.04349,0.0404,0.03788,0.04257,,,,,,,,,,
53,135,5.1,0.03308,0.02316,0.03817,0.0401,0.03589,0.0436,0.04044,0.03793,0.04262,,,,,,,,,,
53,135,5.2,0.03308,0.02169,0.03822,0.0402,0.03597,0.04371,0.04048,0.03797,0.04265,,,,,,,,,,
53,135,5.3,0.03307,0.01999,0.03827,0.04028,0.03605,0.0438,0.04051,0.038,0.04268,,,,,,,,,,
53,135,5.4,0.03305,0.01841,0.03832,0.04036,0.03611,0.04388,0.04054,0.03803,0.0427,,,,,,,,,,
53,135,5.5,0.03303,0.01734,0.03837,0.04043,0.03619,0.04396,0.04056,0.03805,0.04272,,,,,,,,,,
53,135,5.6,0.03299,0.01661,0.03843,0.04049,0.03624,0.04403,0.04057,0.03807,0.04273,,,,,,,,,,
53,135,5.7,0.03295,0.01592,0.0385,0.04054,0.0363,0.0441,0.04058,0.03808,0.04273,,,,,,,,,,
53,135,5.8,0.03291,0.01504,0.03857,0.04059,0.03635,0.04416,0.04059,0.03809,0.04274,,,,,,,,,,
53,135,5.9,0.03285,0.01445,0.03862,0.04063,0.03638,0.04421,0.04058,0.03809,0.04273,,,,,,,,,,
53,135,6,0.03279,0.01403,0.03866,0.04066,0.03642,0.04425,0.04058,0.03808,0.04273,,,,,,,,,,
53,135,6.1,0.03273,0.01344,0.0387,0.04069,0.03645,0.04427,0.04057,0.03808,0.04271,,,,,,,,,,
53,135,6.2,0.03265,1.27E-02,0.03874,0.0407,0.03648,0.04429,0.04055,0.03806,0.04269,,,,,,,,,,
53,135,6.3,0.03257,1.19E-02,0.0388,0.04071,0.03649,0.04431,0.04053,0.03805,0.04267,,,,,,,,,,
53,135,6.4,0.03249,1.09E-02,0.03889,0.04072,0.03651,0.04432,0.0405,0.03803,0.04264,,,,,,,,,,
53,135,6.5,0.0324,1.02E-02,0.03901,0.04072,0.03652,0.04433,0.04047,0.038,0.04261,,,,,,,,,,
53,135,6.6,0.0323,0.00957,0.03912,0.04071,0.03652,0.04433,0.04044,0.03797,0.04257,,,,,,,,,,
53,135,6.7,0.0322,0.0092,0.03929,0.0407,0.03652,0.04432,0.0404,0.03794,0.04253,,,,,,,,,,
53,135,6.8,0.0321,0.00866,0.03948,0.04068,0.03652,0.04431,0.04035,0.03791,0.04248,,,,,,,,,,
53,135,6.9,0.03199,0.00744,0.03974,0.04065,0.03651,0.0443,0.04031,0.03787,0.04243,,,,,,,,,,
53,135,7,0.03187,0.0062,0.04015,0.04062,0.0365,0.04429,0.04026,0.03782,0.04237,,,,,,,,,,
53,135,7.1,0.03175,0.00533,0.0406,0.04059,0.03649,0.04427,0.0402,0.03778,0.04232,,,,,,,,,,
53,135,7.2,0.03163,0.00463,0.04104,0.04055,0.03647,0.04424,0.04014,0.03772,0.04226,,,,,,,,,,
53,135,7.3,0.03151,0.0037,0.04151,0.0405,0.03645,0.04421,0.04008,0.03767,0.04219,,,,,,,,,,
53,135,7.4,0.03138,0.00264,0.0419,0.04045,0.03642,0.04417,0.04001,0.03761,0.04212,,,,,,,,,,
53,135,7.5,0.03125,0.00188,0.04228,0.04039,0.03638,0.04413,0.03994,0.03755,0.04205,,,,,,,,,,
53,135,7.6,0.03112,0.00139,0.04263,0.04033,0.03634,0.04408,0.03987,0.03748,0.04197,,,,,,,,,,
53,135,7.7,0.03098,8.54E-04,0.04299,0.04027,0.03631,0.04403,0.03979,0.03742,0.0419,,,,,,,,,,
53,135,7.8,0.03084,3.41E-04,0.0433,0.0402,0.03627,0.04398,0.03972,0.03734,0.04181,,,,,,,,,,
53,135,7.9,0.0307,-7.88E-05,0.04358,0.04013,0.03622,0.04392,0.03963,0.03727,0.04173,,,,,,,,,,
53,135,8,0.03055,-6.11E-04,0.04393,0.04006,0.03617,0.04386,0.03955,0.03719,0.04164,,,,,,,,,,
53,135,8.1,0.03041,-0.00119,0.04432,0.03998,0.03612,0.04378,0.03946,0.03711,0.04155,,,,,,,,,,
53,135,8.2,0.03026,-0.00173,0.04473,0.03989,0.03607,0.04371,0.03937,0.03703,0.04146,,,,,,,,,,
53,135,8.3,0.03011,-0.00234,0.04511,0.03981,0.03601,0.04363,0.03928,0.03694,0.04136,,,,,,,,,,
53,135,8.4,0.02997,-0.00277,0.0455,0.03972,0.03594,0.04356,0.03918,0.03686,0.04126,,,,,,,,,,
53,135,8.5,0.02982,-0.00349,0.04592,0.03962,0.03587,0.04348,0.03908,0.03677,0.04116,,,,,,,,,,
53,135,8.6,0.02967,-0.00438,0.04637,0.03953,0.0358,0.04339,0.03898,0.03668,0.04106,,,,,,,,,,
53,135,8.7,0.02952,-0.00464,0.04692,0.03943,0.03573,0.0433,0.03888,0.03658,0.04095,,,,,,,,,,
53,135,8.8,0.02938,-0.00477,0.04742,0.03932,0.03566,0.0432,0.03877,0.03648,0.04085,,,,,,,,,,
53,135,8.9,0.02923,-0.00475,0.04783,0.03922,0.03558,0.0431,0.03866,0.03638,0.04074,,,,,,,,,,
53,135,9,0.02909,-0.00452,0.04807,0.03911,0.0355,0.04301,0.03855,0.03628,0.04063,,,,,,,,,,
53,135,9.1,0.02895,-0.00397,0.04817,0.039,0.03542,0.0429,0.03844,0.03617,0.04051,,,,,,,,,,
53,135,9.2,0.02882,-0.00321,0.04814,0.03889,0.03533,0.0428,0.03832,0.03606,0.0404,,,,,,,,,,
53,135,9.3,0.02869,-0.00259,0.04804,0.03877,0.03524,0.04268,0.03821,0.03595,0.04028,,,,,,,,,,
53,135,9.4,0.02857,-0.00215,0.04789,0.03865,0.03516,0.04257,0.03809,0.03584,0.04016,,,,,,,,,,
53,135,9.5,0.02846,-0.00194,0.04766,0.03853,0.03506,0.04245,0.03797,0.03573,0.04004,,,,,,,,,,
53,135,9.6,0.02835,-0.00212,0.04741,0.03841,0.03497,0.04233,0.03784,0.03561,0.03992,,,,,,,,,,
53,135,9.7,0.02825,-0.00223,0.04713,0.03829,0.03487,0.0422,0.03772,0.03549,0.0398,,,,,,,,,,
53,135,9.8,0.02816,-2.59E-03,0.04688,0.03816,0.03477,0.04207,0.03759,0.03537,0.03967,,,,,,,,,,
53,135,9.9,0.02808,-3.08E-03,0.04665,0.03803,0.03468,0.04194,0.03747,0.03526,0.03954,,,,,,,,,,
53,135,10,0.02801,-3.61E-03,0.04649,0.0379,0.03457,0.0418,0.03734,0.03513,0.03941,,,,,,,,,,
53,135,10.1,0.02796,-0.00408,0.04626,0.03777,0.03446,0.04166,0.03721,0.03501,0.03928,,,,,,,,,,
53,135,10.2,0.02791,-0.0046,0.04598,0.03764,0.03436,0.04151,0.03707,0.03488,0.03915,,,,,,,,,,
53,135,10.3,0.02788,-0.00501,0.04577,0.0375,0.03425,0.04138,0.03694,0.03475,0.03902,,,,,,,,,,
53,135,10.4,0.02786,-0.00529,0.04566,0.03736,0.03413,0.04122,0.03681,0.03462,0.03889,,,,,,,,,,
53,135,10.5,0.02786,-0.00525,0.04556,0.03723,0.03403,0.04107,0.03667,0.03449,0.03875,,,,,,,,,,
53,135,10.6,0.02786,-0.00475,0.04549,0.03709,0.03391,0.04092,0.03653,0.03435,0.03861,,,,,,,,,,
53,135,10.7,0.02789,-0.00397,0.04531,0.03695,0.03379,0.04077,0.03639,0.03422,0.03848,,,,,,,,,,
53,135,10.8,0.02792,-0.00352,0.04501,0.0368,0.03368,0.04061,0.03625,0.03408,0.03834,,,,,,,,,,
53,135,10.9,0.02797,-0.00322,0.04464,0.03666,0.03356,0.04044,0.03611,0.03394,0.0382,,,,,,,,,,
53,135,11,0.02804,-0.00263,0.04425,0.03652,0.03343,0.04027,0.03597,0.0338,0.03806,,,,,,,,,,
53,135,11.1,0.02812,-0.00202,0.04373,0.03637,0.03331,0.04009,0.03583,0.03366,0.03792,,,,,,,,,,
53,135,11.2,0.02821,-0.00134,0.0433,0.03622,0.03318,0.03992,0.03568,0.03351,0.03777,,,,,,,,,,
53,135,11.3,0.02832,-7.08E-04,0.04292,0.03608,0.03305,0.03975,0.03554,0.03337,0.03763,,,,,,,,,,
53,135,11.4,0.02844,1.06E-04,0.04262,0.03593,0.03292,0.03956,0.03539,0.03323,0.03749,,,,,,,,,,
53,135,11.5,0.02858,9.87E-04,0.04247,0.03578,0.03279,0.03937,0.03524,0.03308,0.03734,,,,,,,,,,
53,135,11.6,0.02873,0.00212,0.04226,0.03563,0.03266,0.03918,0.03509,0.03294,0.0372,,,,,,,,,,
53,135,11.7,0.02888,0.00345,0.04196,0.03548,0.03253,0.03899,0.03495,0.03279,0.03705,,,,,,,,,,
53,135,11.8,0.02905,0.00472,0.04169,0.03533,0.0324,0.0388,0.0348,0.03264,0.03691,,,,,,,,,,
53,135,11.9,0.02923,0.00579,0.04142,0.03517,0.03227,0.0386,0.03465,0.03249,0.03676,,,,,,,,,,
53,135,12,0.02942,0.00686,0.04116,0.03502,0.03213,0.0384,0.03449,0.03235,0.03661,,,,,,,,,,
53,135,12.1,0.02962,0.00772,0.04088,0.03486,0.03199,0.03821,0.03434,0.0322,0.03646,,,,,,,,,,
53,135,12.2,0.02982,0.00854,0.0406,0.03471,0.03186,0.03801,0.03419,0.03204,0.03631,,,,,,,,,,
53,135,12.3,0.03003,0.00941,0.04033,0.03455,0.03171,0.0378,0.03404,0.03189,0.03616,,,,,,,,,,
53,135,12.4,0.03023,0.0103,0.04004,0.0344,0.03158,0.03758,0.03388,0.03174,0.03601,,,,,,,,,,
53,135,12.5,0.03044,0.01152,0.03973,0.03424,0.03143,0.03738,0.03373,0.03158,0.03585,,,,,,,,,,
53,135,12.6,0.03065,0.01298,0.03942,0.03408,0.03129,0.03717,0.03357,0.03143,0.0357,,,,,,,,,,
53,135,12.7,0.03086,0.01447,0.03919,0.03393,0.03115,0.03695,0.03342,0.03128,0.03555,,,,,,,,,,
53,135,12.8,0.03107,0.01577,0.03891,0.03377,0.03101,0.03674,0.03326,0.03112,0.0354,,,,,,,,,,
53,135,12.9,0.03127,0.01698,0.03868,0.03361,0.03087,0.03652,0.03311,0.03096,0.03524,,,,,,,,,,
53,135,13,0.03146,0.0182,0.03851,0.03345,0.03072,0.0363,0.03295,0.03081,0.03509,,,,,,,,,,
53,135,13.1,0.03164,0.01936,0.03836,0.03329,0.03058,0.0361,0.0328,0.03065,0.03494,,,,,,,,,,
53,135,13.2,0.03182,0.02043,0.03826,0.03313,0.03043,0.03589,0.03264,0.03049,0.03479,,,,,,,,,,
53,135,13.3,0.03198,0.02133,0.03818,0.03297,0.03029,0.03568,0.03248,0.03033,0.03463,,,,,,,,,,
53,135,13.4,0.03213,0.02229,0.0381,0.03281,0.03014,0.03549,0.03232,0.03017,0.03448,,,,,,,,,,
53,135,13.5,0.03227,0.02312,0.03803,0.03265,0.03,0.03529,0.03217,0.03002,0.03432,,,,,,,,,,
53,135,1.36E+01,0.0324,0.02394,0.03797,0.03248,0.02985,0.03511,0.03201,0.02986,0.03417,,,,,,,,,,
53,135,13.7,0.03251,0.02471,0.03789,0.03232,0.0297,0.03491,0.03185,0.02969,0.03402,,,,,,,,,,
53,135,13.8,0.03261,0.0253,0.03785,0.03216,0.02955,0.03472,0.03169,0.02954,0.03387,,,,,,,,,,
53,135,13.9,0.03269,0.02576,0.03783,0.032,0.0294,0.03453,0.03153,0.02938,0.03371,,,,,,,,,,
53,135,14,0.03276,0.02601,0.03781,0.03183,0.02925,0.03433,0.03137,0.02922,0.03356,,,,,,,,,,
53,135,14.1,0.03282,0.0261,0.03782,0.03167,0.0291,0.03416,0.03122,0.02905,0.03341,,,,,,,,,,
53,135,14.2,0.03287,0.02606,0.03785,0.0315,0.02895,0.03397,0.03106,0.02889,0.03326,,,,,,,,,,
53,135,14.3,0.0329,0.02593,0.03787,0.03134,0.02879,0.0338,0.0309,0.02873,0.03311,,,,,,,,,,
53,135,14.4,0.03292,0.02562,0.03791,0.03117,0.02863,0.03363,0.03074,0.02857,0.03296,,,,,,,,,,
53,135,14.5,0.03293,0.0252,0.03793,0.031,0.02846,0.03345,0.03058,0.02841,0.0328,,,,,,,,,,
53,135,14.6,0.03293,0.0247,0.03796,0.03084,0.02829,0.03329,0.03042,0.02825,0.03266,,,,,,,,,,
53,135,14.7,0.03292,0.02418,0.03801,0.03067,0.02811,0.03313,0.03026,0.02808,0.03251,,,,,,,,,,
53,135,1.48E+01,0.0329,0.02364,0.03807,0.0305,0.02791,0.03297,0.03011,0.02792,0.03236,,,,,,,,,,
53,135,14.9,0.03287,0.02308,0.03816,0.03033,0.02771,0.03282,0.02995,0.02776,0.03222,,,,,,,,,,
53,135,15,0.03283,0.0225,0.03823,0.03016,0.02751,0.03266,0.02979,0.02759,0.03207,,,,,,,,,,
53,134,0,0.010895806,0.006227115,0.015568602,0.009044643,0.005571649,0.012452941,0.008507655,0.005381745,0.011572037,,,,,,,,,,
53,134,0.1,0.011180488,0.006458746,0.01586097,0.009324214,0.005905245,0.012735697,0.009053416,0.00596577,0.01211298,,,,,,,,,,
53,134,0.2,0.01146387,0.006775351,0.016128991,0.009613167,0.006196292,0.012989175,0.009596584,0.006530346,0.012658492,,,,,,,,,,
53,134,0.3,0.011745391,0.007061908,0.016426474,0.009911156,0.006534417,0.013237079,0.010136678,0.007091928,0.01316249,,,,,,,,,,
53,134,0.4,0.01202456,0.007376545,0.016691368,0.010217812,0.006871305,0.013556796,0.010673236,0.007613282,0.013704811,,,,,,,,,,
53,134,0.5,0.012300968,0.007661394,0.016991044,0.010532744,0.007166816,0.013864553,0.011205821,0.008134304,0.014235112,,,,,,,,,,
53,134,0.6,0.012574274,0.00790545,0.017245776,0.010855543,0.007483776,0.014226379,0.01173402,0.008678672,0.014796732,,,,,,,,,,
53,134,0.7,0.012844184,0.008158975,0.017473896,0.011185787,0.007800899,0.01456162,0.012257441,0.009219537,0.01531363,,,,,,,,,,
53,134,0.8,0.013110458,0.008421069,0.017774488,0.011523033,0.008159977,0.014919607,0.012775718,0.009726226,0.015833045,,,,,,,,,,
53,134,0.9,0.013372905,0.008705473,0.018062613,0.011866831,0.008435426,0.015263777,0.01328851,0.010209102,0.016351024,,,,,,,,,,
53,134,1,0.01363136,0.008953833,0.018315224,0.012216717,0.008771275,0.015630624,0.013795495,0.010694485,0.016840944,,,,,,,,,,
53,134,1.1,0.013885684,0.00919883,0.018565412,0.012572219,0.009070136,0.016036938,0.01429638,0.011193819,0.017370932,,,,,,,,,,
53,134,1.2,0.014135779,0.009429232,0.018890659,0.01293286,0.009485485,0.016399124,0.014790892,0.011735545,0.01786102,,,,,,,,,,
53,134,1.3,0.014381567,0.009678014,0.019109763,0.013298157,0.009740504,0.016831213,0.015278782,0.012144545,0.018383534,,,,,,,,,,
53,134,1.4,0.014623001,0.009924026,0.019311752,0.013667623,0.01014436,0.017202923,0.015759824,0.012658454,0.018859547,,,,,,,,,,
53,134,1.5,0.014860038,0.010132465,0.019549096,0.014040774,0.010464451,0.017555019,0.016233811,0.013102121,0.019320386,,,,,,,,,,
53,134,1.6,0.015092671,0.010338567,0.019838278,0.014417123,0.010812255,0.017956392,0.016700562,0.013556323,0.019819041,,,,,,,,,,
53,134,1.7,0.015320884,0.010585941,0.02007314,0.01479619,0.011129454,0.018354376,0.017159912,0.013999328,0.020252407,,,,,,,,,,
53,134,1.8,0.015544701,0.010780673,0.020285783,0.015177496,0.011544855,0.018779365,0.017611718,0.014460081,0.020727356,,,,,,,,,,
53,134,1.9,0.015764144,0.011016845,0.020564315,0.015560572,0.011842072,0.019198422,0.018055856,0.014884461,0.021182568,,,,,,,,,,
53,134,2,0.015979254,0.011197716,0.020777264,0.015944953,0.012254316,0.019572038,0.01849222,0.015307117,0.021610629,,,,,,,,,,
53,134,2.1,0.016190072,0.011416658,0.021003231,0.016330187,0.012546976,0.020009989,0.018920721,0.015701713,0.022084396,,,,,,,,,,
53,134,2.2,0.016396654,0.011632903,0.021155209,0.01671583,0.012961402,0.020366349,0.019341287,0.016125494,0.022494668,,,,,,,,,,
53,134,2.3,0.016599064,0.011802314,0.021393818,0.01710145,0.013337393,0.020796639,0.019753861,0.016494366,0.022925979,,,,,,,,,,
53,134,2.4,0.016797366,0.011983453,0.021616689,0.017486627,0.013698476,0.021185073,0.0201584,0.016937374,0.0233203,,,,,,,,,,
53,134,2.5,0.016991636,0.012166961,0.021796326,0.017870954,0.014092028,0.021654705,0.020554878,0.01734419,0.023747378,,,,,,,,,,
53,134,2.6,0.017181955,0.012365893,0.021994954,0.01825404,0.014422592,0.022018136,0.020943278,0.017679134,0.02411129,,,,,,,,,,
53,134,2.7,0.017368397,0.012498562,0.022185144,0.018635504,0.014725747,0.022459966,0.021323598,0.018019661,0.024523181,,,,,,,,,,
53,134,2.8,0.017551055,0.012711022,0.022384259,0.019014984,0.015136477,0.022810351,0.021695846,0.018381446,0.024913453,,,,,,,,,,
53,134,2.9,0.017730019,0.012868154,0.022570956,0.019392128,0.015502557,0.023189395,0.022060039,0.018758828,0.025262874,,,,,,,,,,
53,134,3,0.017905375,0.013025485,0.022751752,0.019766605,0.015853712,0.023637502,0.022416206,0.019106188,0.025673068,,,,,,,,,,
53,134,3.1,0.018077213,0.013187916,0.022962317,0.020138093,0.016205778,0.023997588,0.022764384,0.019441905,0.02598198,,,,,,,,,,
53,134,3.2,0.018245633,0.013375588,0.023131251,0.02050629,0.016594417,0.024385621,0.023104617,0.019772423,0.02634861,,,,,,,,,,
53,134,3.3,0.018410713,0.013505801,0.02330377,0.020870906,0.016959541,0.0247832,0.023436958,0.020106656,0.026692414,,,,,,,,,,
53,134,3.4,0.018572565,0.013682601,0.023422263,0.021231667,0.017273975,0.025158407,0.023761464,0.020423466,0.027026684,,,,,,,,,,
53,134,3.5,0.018731269,0.013834703,0.023646872,0.021588315,0.01765869,0.025526658,0.024078201,0.020753289,0.027363229,,,,,,,,,,
53,134,3.6,0.018886927,0.013994917,0.023767308,0.021940604,0.017980487,0.025898221,0.024387239,0.021041827,0.027677677,,,,,,,,,,
53,134,3.7,0.019039622,0.014170229,0.023943933,0.022288305,0.018315688,0.026291378,0.024688652,0.021334633,0.027988934,,,,,,,,,,
53,134,3.8,0.019189455,0.014302551,0.024112332,0.022631202,0.018605664,0.026630572,0.024982517,0.021648272,0.028309882,,,,,,,,,,
53,134,3.9,0.019336515,0.014390684,0.024252664,0.022969093,0.018934701,0.026902965,0.025268919,0.021903932,0.028545949,,,,,,,,,,
53,134,4,0.01948089,0.014551793,0.024434534,0.02330179,0.019313596,0.027306546,0.025547943,0.022176333,0.028847083,,,,,,,,,,
53,134,4.1,0.019622663,0.014727604,0.024542248,0.023629119,0.019563019,0.027670341,0.025819675,0.022426049,0.029129139,,,,,,,,,,
53,134,4.2,0.019761934,0.014849169,0.024674444,0.023950917,0.019905368,0.027960897,0.026084208,0.022699044,0.029359607,,,,,,,,,,
53,134,4.3,0.019898775,0.014963794,0.024822179,0.024267037,0.020197824,0.028299359,0.026341632,0.022983007,0.029597896,,,,,,,,,,
53,134,4.4,0.020033278,0.015092356,0.024937672,0.024577341,0.020530191,0.028699168,0.026592042,0.023215312,0.029944032,,,,,,,,,,
53,134,4.5,0.02016552,0.015204316,0.025097577,0.024881706,0.020762359,0.028968916,0.026835533,0.023418389,0.030163672,,,,,,,,,,
53,134,4.6,0.020295578,0.015358119,0.025246108,0.025180017,0.021058138,0.029294769,0.027072199,0.023655454,0.030397376,,,,,,,,,,
53,134,4.7,0.020423538,0.015490535,0.025344025,0.025472174,0.021353659,0.029589018,0.027302137,0.023910937,0.030619333,,,,,,,,,,
53,134,4.8,0.020549481,0.015549699,0.025503479,0.025758087,0.021655087,0.029874313,0.027525444,0.024152575,0.030834923,,,,,,,,,,
53,134,4.9,0.020673466,0.015746584,0.02561638,0.026037674,0.021902821,0.030182803,0.027742216,0.024343246,0.031055319,,,,,,,,,,
53,134,5,0.020795573,0.01584923,0.025747181,0.026310865,0.022145009,0.030433252,0.02795255,0.024545173,0.031269324,,,,,,,,,,
53,134,5.1,0.020915869,0.01596467,0.025894806,0.0265776,0.022400259,0.030734741,0.028156542,0.024739186,0.031482915,,,,,,,,,,
53,134,5.2,0.021034428,0.016023666,0.02599788,0.026837828,0.022663177,0.031001234,0.028354286,0.024967376,0.031650934,,,,,,,,,,
53,134,5.3,0.02115132,0.016170825,0.026120665,0.027091506,0.022926909,0.031286649,0.028545879,0.025162424,0.031896845,,,,,,,,,,
53,134,5.4,0.021266604,0.016256215,0.026228633,0.0273386,0.023080724,0.031540464,0.028731414,0.025292526,0.032065067,,,,,,,,,,
53,134,5.5,0.021380342,0.016365444,0.02634805,0.027579084,0.023323797,0.031733387,0.028910984,0.025505205,0.032231285,,,,,,,,,,
53,134,5.6,0.021492591,0.01649147,0.026490927,0.027812939,0.023565061,0.032002553,0.029084682,0.025693378,0.032415405,,,,,,,,,,
53,134,5.7,0.021603421,0.016604564,0.026602577,0.028040154,0.023778482,0.032213378,0.029252599,0.025844003,0.032589438,,,,,,,,,,
53,134,5.8,0.021712884,0.016729125,0.026673802,0.028260725,0.024006648,0.032461766,0.029414824,0.026045185,0.032739962,,,,,,,,,,
53,134,5.9,0.021821031,0.016820236,0.026767069,0.028474652,0.024230406,0.03265864,0.029571445,0.026192978,0.032883504,,,,,,,,,,
53,134,6,0.021927921,0.01695408,0.026924992,0.028681946,0.024408728,0.032872645,0.029722552,0.02634799,0.033039838,,,,,,,,,,
53,134,6.1,0.0220336,0.016994761,0.027006924,0.028882618,0.024661324,0.033093502,0.029868228,0.026509983,0.033165788,,,,,,,,,,
53,134,6.2,0.02213813,0.017154596,0.027151624,0.029076689,0.024774256,0.033273237,0.030008559,0.026644536,0.033327183,,,,,,,,,,
53,134,6.3,0.022241555,0.01722471,0.027255717,0.029264182,0.025037591,0.033461004,0.030143628,0.026811117,0.033445394,,,,,,,,,,
53,134,6.4,0.022343913,0.017346387,0.027359775,0.029445126,0.025191516,0.033683776,0.030273517,0.026921777,0.033566307,,,,,,,,,,
53,134,6.5,0.022445255,0.017434217,0.027471793,0.029619554,0.025364675,0.033782539,0.030398305,0.027049922,0.033666973,,,,,,,,,,
53,134,6.6,0.022545626,0.017550671,0.02753841,0.029787503,0.025483889,0.033988917,0.030518072,0.027168807,0.033824368,,,,,,,,,,
53,134,6.7,0.022645062,0.017592839,0.027658639,0.029949014,0.025629868,0.034148413,0.030632894,0.02725818,0.033937669,,,,,,,,,,
53,134,6.8,0.022743618,0.017725052,0.027726886,0.030104131,0.025820346,0.034289302,0.030742848,0.027420735,0.034032425,,,,,,,,,,
53,134,6.9,0.022841321,0.01780995,0.027824697,0.030252901,0.025966298,0.034465269,0.030848008,0.02753284,0.034137616,,,,,,,,,,
53,134,7,0.022938208,0.017879983,0.027942461,0.030395376,0.026104587,0.034537474,0.030948446,0.027644203,0.034206458,,,,,,,,,,
53,134,7.1,0.02303432,0.01798961,0.02801949,0.030531608,0.026200478,0.034714788,0.031044234,0.027712372,0.034321013,,,,,,,,,,
53,134,7.2,0.023129698,0.018163235,0.028158972,0.030661652,0.026342111,0.034816948,0.031135442,0.027819334,0.034392844,,,,,,,,,,
53,134,7.3,0.023224362,0.018240222,0.028276709,0.030785566,0.026530155,0.034951542,0.031222138,0.02793194,0.034474201,,,,,,,,,,
53,134,7.4,0.023318358,0.018272009,0.028331436,0.030903409,0.026624969,0.035072497,0.03130439,0.027963476,0.034602522,,,,,,,,,,
53,134,7.5,0.023411707,0.018402746,0.028444896,0.031015244,0.02672637,0.035149168,0.031382263,0.028086473,0.034636573,,,,,,,,,,
53,134,7.6,0.023504455,0.018454645,0.028541688,0.031121132,0.026836388,0.035280307,0.031455822,0.028166933,0.034713962,,,,,,,,,,
53,134,7.7,0.02359661,0.018576782,0.028577541,0.031221139,0.026975148,0.035329385,0.031525129,0.028232262,0.034733444,,,,,,,,,,
53,134,7.8,0.023688211,0.018667102,0.028717277,0.031315329,0.027044039,0.03541644,0.031590246,0.028306219,0.034791158,,,,,,,,,,
53,134,7.9,0.023779289,0.018736426,0.028771491,0.03140377,0.027174109,0.035549316,0.031651235,0.028351669,0.034915978,,,,,,,,,,
53,134,8,0.023869863,0.018824108,0.028872682,0.031486528,0.027232002,0.03555958,0.031708153,0.028442295,0.034949824,,,,,,,,,,
53,134,8.1,0.023959956,0.01896744,0.028976931,0.031563673,0.0273721,0.035636943,0.031761059,0.028493863,0.034990364,,,,,,,,,,
53,134,8.2,0.024049599,0.018981809,0.029036963,0.031635273,0.027417689,0.03571642,0.03181001,0.028544735,0.035064973,,,,,,,,,,
53,134,8.3,0.024138813,0.019091208,0.029168815,0.031701398,0.027534205,0.035729827,0.031855061,0.028640361,0.035032783,,,,,,,,,,
53,134,8.4,0.02422762,0.01918005,0.029265111,0.031762117,0.027604084,0.035852913,0.031896267,0.028657024,0.035102008,,,,,,,,,,
53,134,8.5,0.024316044,0.019275674,0.029348238,0.0318175,0.027678094,0.035815812,0.031933681,0.028720123,0.035109705,,,,,,,,,,
53,134,8.6,0.024404097,0.019363308,0.029460303,0.031867619,0.027709541,0.035864486,0.031967355,0.028724203,0.035171001,,,,,,,,,,
53,134,8.7,0.024491805,0.019438607,0.029556955,0.031912542,0.027806733,0.035928947,0.031997341,0.028788512,0.03516838,,,,,,,,,,
53,134,8.8,0.024579189,0.019506803,0.029638644,0.031952342,0.02786473,0.035932054,0.032023689,0.028820131,0.03519429,,,,,,,,,,
53,134,8.9,0.024666265,0.01955638,0.02972785,0.031987088,0.027920454,0.035997519,0.032046447,0.028868545,0.035235887,,,,,,,,,,
53,134,9,0.024753046,0.019707378,0.029823156,0.03201685,0.027946951,0.035974254,0.032065665,0.028876084,0.03522614,,,,,,,,,,
53,134,9.1,0.024839553,0.019775121,0.029975737,0.032041698,0.027967373,0.035966013,0.032081389,0.028865208,0.035258292,,,,,,,,,,
53,134,9.2,0.024925799,0.019869042,0.029984698,0.032061703,0.028010181,0.036015427,0.032093665,0.028889004,0.035271602,,,,,,,,,,
53,134,9.3,0.025011805,0.019937473,0.030061866,0.032076933,0.028046422,0.036031671,0.03210254,0.028887065,0.035280299,,,,,,,,,,
53,134,9.4,0.025097585,0.020026664,0.030234001,0.032087458,0.028090971,0.03597425,0.032108057,0.028892718,0.035232676,,,,,,,,,,
53,134,9.5,0.02518315,0.020105194,0.030273596,0.032093346,0.02809679,0.036023475,0.03211026,0.028936817,0.035271405,,,,,,,,,,
53,134,9.6,0.025268507,0.020161247,0.030307711,0.032094665,0.028138858,0.035975354,0.032109193,0.028949258,0.035247387,,,,,,,,,,
53,134,9.7,0.025353678,0.020306927,0.030446269,0.032091484,0.028138831,0.035975478,0.032104897,0.028934039,0.035262581,,,,,,,,,,
53,134,9.8,0.025438674,0.020371881,0.030527896,0.032083868,0.028161898,0.035922145,0.032097413,0.028957712,0.03522389,,,,,,,,,,
53,134,9.9,0.025523503,0.020437519,0.030619235,0.032071884,0.028135513,0.035915815,0.032086783,0.028887725,0.035232521,,,,,,,,,,
53,134,10,0.025608177,0.020496877,0.030698109,0.032055598,0.028160103,0.035877475,0.032073045,0.028899682,0.035193499,,,,,,,,,,
53,134,10.1,0.025692707,0.02059486,0.030801164,0.032035076,0.028160703,0.035827042,0.032056239,0.028930631,0.035199868,,,,,,,,,,
53,134,10.2,0.025777101,0.020702434,0.030905485,0.032010382,0.028154886,0.035771281,0.032036403,0.028887522,0.035148848,,,,,,,,,,
53,134,10.3,0.025861376,0.020772097,0.031001224,0.031981578,0.028157779,0.035719883,0.032013576,0.028878256,0.035149018,,,,,,,,,,
53,134,10.4,0.025945527,0.020877091,0.031082993,0.03194873,0.028106255,0.035729329,0.031987793,0.028839638,0.035100167,,,,,,,,,,
53,134,10.5,0.026029573,0.020922449,0.031152395,0.031911898,0.028086296,0.03564633,0.031959092,0.028815774,0.035043048,,,,,,,,,,
53,134,10.6,0.026113517,0.020989362,0.031246871,0.031871144,0.028087844,0.035610601,0.031927507,0.028797359,0.035065089,,,,,,,,,,
53,134,10.7,0.026197359,0.021045961,0.031319101,0.03182653,0.028079469,0.035519311,0.031893075,0.028751869,0.035019794,,,,,,,,,,
53,134,10.8,0.026281122,0.021178254,0.031437194,0.031778114,0.028062907,0.03544384,0.031855829,0.028716243,0.034941378,,,,,,,,,,
53,134,10.9,0.026364801,0.021253401,0.031521724,0.031725956,0.02795844,0.035440308,0.031815804,0.02866204,0.034956212,,,,,,,,,,
53,134,11,0.026448399,0.0213576,0.031628109,0.031670114,0.027939948,0.035335724,0.031773033,0.02864277,0.034893002,,,,,,,,,,
53,134,11.1,0.026531925,0.021419782,0.031723119,0.031610646,0.027883255,0.035256929,0.031727548,0.028581686,0.034812632,,,,,,,,,,
53,134,11.2,0.02661538,0.021469133,0.031766005,0.031547607,0.027896766,0.035175267,0.031679382,0.028538776,0.034770537,,,,,,,,,,
53,134,11.3,0.02669876,0.021560449,0.031887732,0.031481054,0.027802056,0.035115295,0.031628566,0.028481609,0.034740126,,,,,,,,,,
53,134,11.4,0.026782077,0.021649299,0.031987602,0.031411041,0.027710498,0.035023851,0.031575131,0.028406327,0.034682772,,,,,,,,,,
53,134,11.5,0.026865329,0.021713228,0.032034551,0.031337622,0.027743717,0.03495114,0.031519109,0.028408034,0.034661749,,,,,,,,,,
53,134,11.6,0.026948513,0.021783701,0.032112228,0.03126085,0.027625028,0.034870142,0.031460528,0.028339395,0.034571598,,,,,,,,,,
53,134,11.7,0.027031632,0.021871756,0.032253518,0.031180777,0.027545436,0.034818612,0.031399419,0.028253498,0.034553737,,,,,,,,,,
53,134,11.8,0.027114678,0.021966208,0.03234289,0.031097454,0.027510517,0.034678784,0.031335811,0.028217143,0.034446377,,,,,,,,,,
53,134,11.9,0.027197656,0.021996071,0.03240114,0.031010931,0.027389573,0.034587992,0.031269731,0.028119606,0.034407158,,,,,,,,,,
53,134,12,0.027280554,0.022093671,0.032520949,0.030921256,0.02732614,0.034502319,0.031201209,0.028076809,0.034326757,,,,,,,,,,
53,134,12.1,0.027363363,0.022185766,0.032598641,0.030828479,0.02720771,0.0343955,0.03113027,0.028005467,0.034250244,,,,,,,,,,
53,134,12.2,0.027446085,0.022297055,0.032731401,0.030732646,0.027102467,0.034335246,0.031056944,0.02789969,0.034223358,,,,,,,,,,
53,134,12.3,0.027528702,0.022351793,0.032789867,0.030633804,0.027032976,0.034193461,0.030981255,0.027854041,0.034101928,,,,,,,,,,
53,134,12.4,0.027611207,0.022409935,0.032852991,0.030531997,0.026985922,0.034043326,0.03090323,0.027796536,0.034010708,,,,,,,,,,
53,134,12.5,0.027693591,0.022511211,0.0329729,0.03042727,0.026866584,0.033977568,0.030822895,0.027675038,0.033975993,,,,,,,,,,
53,134,12.6,0.027775821,0.022603538,0.03302559,0.030319666,0.026779888,0.033864441,0.030740274,0.027593306,0.033878581,,,,,,,,,,
53,134,12.7,0.027857894,0.022630746,0.033070985,0.030209227,0.026630116,0.033769079,0.030655392,0.027490359,0.033814961,,,,,,,,,,
53,134,12.8,0.027939783,0.022735866,0.03320635,0.030095993,0.026522706,0.033632899,0.030568273,0.027430566,0.033726624,,,,,,,,,,
53,134,12.9,0.028021459,0.02280045,0.033284219,0.029980006,0.026395258,0.033565052,0.030478941,0.027271216,0.03365342,,,,,,,,,,
53,134,13,0.028102898,0.02285527,0.033359751,0.029861303,0.02631476,0.033412694,0.030387419,0.027195367,0.03354584,,,,,,,,,,
53,134,13.1,0.028184066,0.022932891,0.033459012,0.029739923,0.026166549,0.033294379,0.03029373,0.027114459,0.033461796,,,,,,,,,,
53,134,13.2,0.028264934,0.023036105,0.033567857,0.029615902,0.02600069,0.033202576,0.030197894,0.027013372,0.033399233,,,,,,,,,,
53,134,13.3,0.028345446,0.02307645,0.033659833,0.029489277,0.025919559,0.033048963,0.030099936,0.026909187,0.03330931,,,,,,,,,,
53,134,13.4,0.028425565,0.023116964,0.033664353,0.02936008,0.025751578,0.032950119,0.029999874,0.026807492,0.033175829,,,,,,,,,,
53,134,13.5,0.028505242,0.023227846,0.03379415,0.029228347,0.025616991,0.032887314,0.02989773,0.026701404,0.033149618,,,,,,,,,,
53,134,13.6,0.028584413,0.02330555,0.033917333,0.029094109,0.025463758,0.032726988,0.029793525,0.026591568,0.033034337,,,,,,,,,,
53,134,13.7,0.028663016,0.023357307,0.034031069,0.028957397,0.025351691,0.032594356,0.029687276,0.026454134,0.032920206,,,,,,,,,,
53,134,13.8,0.028740983,0.023410909,0.034051923,0.028818242,0.025198939,0.03247789,0.029579005,0.026343159,0.032822486,,,,,,,,,,
53,134,13.9,0.028818243,0.023482904,0.034177261,0.028676673,0.025021725,0.032332573,0.029468729,0.026190731,0.03274366,,,,,,,,,,
53,134,14,0.028894711,0.023555694,0.03423401,0.028532717,0.024888583,0.032193667,0.029356466,0.026105504,0.032624666,,,,,,,,,,
53,134,14.1,0.0289703,0.023651291,0.034350175,0.0283864,0.024712149,0.03205593,0.029242234,0.025986209,0.032526443,,,,,,,,,,
53,134,14.2,0.029044917,0.023705258,0.034406121,0.02823775,0.024537917,0.032009947,0.02912605,0.025834864,0.032435636,,,,,,,,,,
53,134,14.3,0.029118456,0.02370494,0.034550599,0.02808679,0.024381769,0.031868597,0.02900793,0.025678563,0.032325238,,,,,,,,,,
53,134,14.4,0.029190822,0.023778958,0.03461258,0.027933544,0.024194723,0.031679061,0.02888789,0.025535,0.032212262,,,,,,,,,,
53,134,14.5,0.029261909,0.023795785,0.034734343,0.027778034,0.024031632,0.031591185,0.028765945,0.025451346,0.032091754,,,,,,,,,,
53,134,14.6,0.029331608,0.023829466,0.034795598,0.027620282,0.023823764,0.031527178,0.02864211,0.025272987,0.032010742,,,,,,,,,,
53,134,14.7,0.029399817,0.023826519,0.034890045,0.027460309,0.023709323,0.03135083,0.028516399,0.025167139,0.031903435,,,,,,,,,,
53,134,14.8,0.02946645,0.023828234,0.034982344,0.027298133,0.023499137,0.031254947,0.028388825,0.024989655,0.031799794,,,,,,,,,,
53,134,14.9,0.029531452,0.023841837,0.035119224,0.027133774,0.023340423,0.031085872,0.028259402,0.024880996,0.031659023,,,,,,,,,,
53,134,15,0.029594787,0.023791683,0.035186315,0.026967249,0.023124866,0.030978729,0.028128142,0.024699716,0.031539883,,,,,,,,,,
53,135,14,,,,,,,,,,,,0.03469,0.00156,,,,,,
53,135,1.5,,,,,,,,,,,,0.02518,0.00279,,,,,,
53,135,1.50E+01,,,,,,,,,,,,0.03476,0.00183,,,,,,
53,135,2,,,,,,,,,,,,0.02808,0.00285,,,,,,
53,135,2.53E-08,,,,,,,,,,,,0.01832,0.00241,,,,,,
53,135,2.53E-08,,,,,,,,,,,,,,,,0.02927,8.20E-04,,
53,135,0.5,,,,,,,,,,,,,,,,0.03603,0.00288,,
53,135,14,,,,,,,,,,,,,,,,0.03134,0.00501,,
53,135,2.53E-08,,,,,,,,,,,,,,,,,,0.02509,0.00373
53,135,0.4,,,,,,,,,,,,,,,,,,0.03287,0.00554
53,135,14,,,,,,,,,,,,,,,,,,0.03423,0.00466
53,134,0,,,,,,,,,,0.007364203,0.00184514,,,,,,,,
53,134,0.5,,,,,,,,,,0.011070697,0.002622906,,,,,,,,
53,134,14,,,,,,,,,,0.02838079,0.005324736,,,,,,,,
53,134,0,,,,,,,,,,,,,,0.02394,0.00424,,,,
53,134,0,,,,,,,,,,,,,,0.0113,0.0012,,,,
53,134,0,,,,,,,,,,,,,,0.012,0.01,,,,
53,134,0.17,,,,,,,,,,,,,,0.008,0.006,,,,
53,134,0.55,,,,,,,,,,,,,,0.0179,0.013,,,,
53,134,2,,,,,,,,,,,,,,0.0213,0.01,,,,
53,134,3,,,,,,,,,,,,,,0.0208,0.0008,,,,
53,134,4,,,,,,,,,,,,,,0.0195,0.0044,,,,
53,134,5.5,,,,,,,,,,,,,,0.0265,0.0092,,,,
53,134,6.3,,,,,,,,,,,,,,0.0297,0.0243,,,,
53,134,7.1,,,,,,,,,,,,,,0.0327,0.0156,,,,
53,134,8.1,,,,,,,,,,,,,,0.0269,0.0118,,,,
53,134,10,,,,,,,,,,,,0.0169809,0.000801168,,,,,,
53,134,11,,,,,,,,,,,,0.0184581,0.001119305,,,,,,
53,134,12,,,,,,,,,,,,0.018812,0.001200255,,,,,,
53,134,13,,,,,,,,,,,,0.0180821,0.001073262,,,,,,
53,134,14,,,,,,,,,,,,0.0183388,0.001206339,,,,,,
53,134,1.5,,,,,,,,,,,,0.00671,0.000811253,,,,,,
53,134,15,,,,,,,,,,,,0.0190668,0.001414144,,,,,,
53,134,2,,,,,,,,,,,,0.008006,0.000834333,,,,,,
53,134,2.53E-08,,,,,,,,,,,,0.004917,0.000655425,,,,,,
53,134,3,,,,,,,,,,,,0.009383,0.000918641,,,,,,
53,134,4,,,,,,,,,,,,0.010867,0.000803848,,,,,,
53,134,5,,,,,,,,,,,,0.012361,0.001194081,,,,,,
53,134,6,,,,,,,,,,,,0.0134149,0.00126838,,,,,,
53,134,0.6,,,,,,,,,,,,0.005193,0.000653841,,,,,,
53,134,7,,,,,,,,,,,,0.013122,0.001112262,,,,,,
53,134,8,,,,,,,,,,,,0.013871,0.001123504,,,,,,
53,134,9,,,,,,,,,,,,0.0155079,0.001094169,,,,,,
53,134,0.9,,,,,,,,,,,,0.005435,0.000800041,,,,,,
53,134,0,,,,,,,,,,,,,,,,0.0086442,0.00235404,,
53,134,0.5,,,,,,,,,,,,,,,,0.0108278,0.002218746,,
53,134,14,,,,,,,,,,,,,,,,0.028263,0.005303307,,
53,134,0,,,,,,,,,,,,,,,,,,0.0076385,0.00185414
53,134,0.4,,,,,,,,,,,,,,,,,,0.0081696,0.002045397
53,134,14,,,,,,,,,,,,,,,,,,0.0203829,0.003412
